fgdfdh,fdgdgdg@gmaok.vlvlvl,$2y$10$r8/YlTCri2wU7/Zahug0kecrQmULnArDlO7uRiDl7UBXil8lb1mBK


thenewmemophp,memodata64646444@gmail.comff,80ff0979252c015324409edf846a01b3964a231c
thenedgdgwmemophp,memodata64646444@gmail.comff,80ff0979252c015324409edf846a01b3964a231c
meoeomaemaem,memodgdgddata64646444@gmail.comff,80ff0979252c015324409edf846a01b3964a231c
meoeomaeafafafafmaem,memodgdgddata64646444@gmail.comff,80ff0979252c015324409edf846a01b3964a231c
meoeomaeafafafafmaem,memodgdgddata64646444@gmail.comff,86277316c2a4c61b29fdb88bf1a0d2ef0c70712e
memo,memodata444@gmail.com,8cb2237d0679ca88db6464eac60da96345513964
memo,memodata64646444@gmail.comff,e74964eb8fe29037e3fd6e6a5173b784492f5a3e
newmemo,memodata444@gmail.comff,8cb2237d0679ca88db6464eac60da96345513964
